	score	SE	logratio	variance
_wt	0.02451221048227925	0.04115504444158965	0.02451221048227925	0.0016937376829892193
p.His1Ala	-2.5567970569542657	0.8948945662063174	-2.5567970569542657	0.800836284625593
p.His1Arg	-1.9377578485480438	0.6636239328008239	-1.9377578485480438	0.44039672418603243
p.His1Asn	-2.5567970569542675	1.1550626034804028	-2.5567970569542675	1.3341696179589262
p.His1Asp	-3.067622680720258	1.033200344218032	-3.067622680720258	1.0675029512922596
p.His1Cys	-2.5567970569542675	1.1550626034804028	-2.5567970569542675	1.3341696179589262
p.His1Gln	-2.0459714331882752	1.033200344218032	-2.0459714331882752	1.0675029512922596
p.His1Glu	-2.5567970569542675	1.1550626034804028	-2.5567970569542675	1.3341696179589262
p.His1Gly	-2.5567970569542657	0.8948945662063174	-2.5567970569542657	0.800836284625593
p.His1Ile	-2.5567970569542675	1.1550626034804028	-2.5567970569542675	1.3341696179589262
p.His1Leu	-2.5567970569542666	0.756481894068962	-2.5567970569542666	0.5722648560541643
p.His1Lys	-2.5567970569542675	1.1550626034804028	-2.5567970569542675	1.3341696179589262
p.His1Met	-2.5567970569542675	1.1550626034804028	-2.5567970569542675	1.3341696179589262
p.His1Phe	-2.5567970569542675	1.1550626034804028	-2.5567970569542675	1.3341696179589262
p.His1Pro	-2.5567970569542666	0.756481894068962	-2.5567970569542666	0.5722648560541643
p.His1Ser	-2.5567970569542666	0.756481894068962	-2.5567970569542666	0.5722648560541643
p.His1Ter	-3.067622680720258	1.033200344218032	-3.067622680720258	1.0675029512922596
p.His1Thr	-2.5567970569542657	0.8948945662063174	-2.5567970569542657	0.800836284625593
p.His1Trp	-2.5567970569542675	1.1550626034804028	-2.5567970569542675	1.3341696179589262
p.His1Tyr	-2.0459714331882752	1.033200344218032	-2.0459714331882752	1.0675029512922596
p.His1Val	-2.5567970569542657	0.8948945662063174	-2.5567970569542657	0.800836284625593
