	score	SE	logratio	variance
_wt	2.3537340632482433	0.029202398925211173	2.3537340632482433	0.0008527801029871747
p.His1Ala	-4.831156047479226	0.4754295169594043	-4.831156047479226	0.22603322559625247
p.His1Arg	-5.751520104741017	0.36649785746755154	-5.751520104741017	0.1343206795283057
p.His1Asn	-5.118188558362211	0.6364848462950272	-5.118188558362211	0.4051129595632045
p.His1Asp	-6.536747096861052	0.8177954142651804	-6.536747096861052	0.668789339593158
p.His1Cys	-6.458976830513859	0.633570756620537	-6.458976830513859	0.40141190364471974
p.His1Gln	-5.940314176040589	0.536086073379926	-5.940314176040589	0.28738827807190737
p.His1Glu	-7.132813066160718	0.8172400510435621	-7.132813066160718	0.667881301029684
p.His1Gly	-6.659647525976011	0.47214274922251537	-6.659647525976011	0.22291877564339502
p.His1Ile	-5.141310975783067	0.8215414537366162	-5.141310975783067	0.6749303602076727
p.His1Leu	-5.525398933825392	0.42829301918255747	-5.525398933825392	0.18343491028051054
p.His1Lys	-5.379845677417573	0.8204864185766593	-5.379845677417573	0.6731979630687529
p.His1Met	-6.086724512349298	0.634037363099936	-6.086724512349298	0.40200337780672
p.His1Phe	-1.3981789951078571	0.1091177083310227	-1.3981789951078571	0.01190667427141414
p.His1Pro	-0.48735062562554177	0.7127670981263035	-0.48735062562554177	0.5080369361713916
p.His1Ser	-5.976556642503662	0.42764977153971606	-5.976556642503662	0.18288432709797134
p.His1Ter	-6.931027543381321	0.8173924525087389	-6.931027543381321	0.6681304214182511
p.His1Thr	-5.9461621459230125	0.4276846153561626	-5.9461621459230125	0.18291413021234873
p.His1Trp	-6.353980547240318	0.6336853260678967	-6.353980547240318	0.40155709247377663
p.His1Tyr	-5.395342797040471	0.5371484135277799	-5.395342797040471	0.28852841815541086
p.His1Val	-6.053029446052002	0.3439859855569276	-6.053029446052002	0.11832635825957082
