	score	SE	logratio	variance
_sy	2.4343850605860053	0.036561704441039004	2.4343850605860053	0.0013367582316338915
_wt	2.0516272370398605	0.032414036106074275	2.0516272370398605	0.0010506697366858867
p.Tyr1Ala	-6.67379831959038	0.6334084174829393	-6.67379831959038	0.4012062233382416
p.Tyr1Arg	-6.895627933596831	0.4720210055616931	-6.895627933596831	0.22280382969147186
p.Tyr1Asn	-5.3997065175323575	0.6356924380583197	-5.3997065175323575	0.40410487580453064
p.Tyr1Asp	-6.874366692326566	0.8174853619599023	-6.874366692326566	0.6682823170187125
p.Tyr1Cys	-4.22309110156698	0.34866396623674045	-4.22309110156698	0.1215665613519349
p.Tyr1Gln	-6.462356806285149	0.817963871271287	-6.462356806285149	0.6690648947051105
p.Tyr1Glu	-7.25522872080214	0.8171879620380716	-7.25522872080214	0.6677961652999368
p.Tyr1Gly	-7.331723534294178	0.6329799770661599	-7.331723534294178	0.4006636513666764
p.Tyr1His	-3.784310486377106	0.3164460511395967	-3.784310486377106	0.10013810328184425
p.Tyr1Ile	-7.120722997952515	0.8172803421409157	-7.120722997952515	0.6679471576499723
p.Tyr1Leu	-6.99699853166435	0.5351419619800242	-6.99699853166435	0.2863769194718297
p.Tyr1Lys	-6.31263815991948	0.818192634800851	-6.31263815991948	0.6694391876423588
p.Tyr1Met	-7.058860357557742	0.8173271816037475	-7.058860357557742	0.6680237217883253
p.Tyr1Phe	-6.0257035275204345	0.47275618496212224	-6.0257035275204345	0.22349841041994034
p.Tyr1Pro	-5.969901389120905	0.6343154134898764	-5.969901389120905	0.40235604379083295
p.Tyr1Ser	-6.753055347626115	0.5352921471693349	-6.753055347626115	0.2865376828211569
p.Tyr1Ter	-6.027068831939362	0.5360316558435066	-6.027068831939362	0.2873299360663316
p.Tyr1Thr	-5.780042968969248	0.6346902887016463	-5.780042968969248	0.4028317625721791
p.Tyr1Trp	-5.634187302649732	0.8197880441856786	-5.634187302649732	0.6720524373897803
p.Tyr1Val	-6.9365521017101095	0.633203093136578	-6.9365521017101095	0.40094615715772985
