	score	SE	logratio	variance
_sy	2.4344424042225503	0.03656206460745149	2.4344424042225503	0.0013367845683594567
_wt	2.0510914172140664	0.032414934687807526	2.0510914172140664	0.0010507279908148278
p.Tyr1Ala	-6.6736458352644705	0.6334084346999902	-6.6736458352644705	0.40120624514909176
p.Tyr1Arg	-6.894974447256433	0.47202129454649167	-6.894974447256433	0.22280410250534582
p.Tyr1Asn	-5.3995540332064484	0.6356924552135104	-5.3995540332064484	0.4041048976153808
p.Tyr1Asp	-6.874214208000655	0.8174853753001107	-6.874214208000655	0.6682823388295628
p.Tyr1Cys	-4.219092458653592	0.34868521063690244	-4.219092458653592	0.12158137611690102
p.Tyr1Gln	-6.462204321959238	0.8179638846036913	-6.462204321959238	0.6690649165159608
p.Tyr1Glu	-7.25507623647623	0.8171879753831348	-7.25507623647623	0.667796187110787
p.Tyr1Gly	-7.331571049968269	0.6329799942948644	-7.331571049968269	0.4006636731775266
p.Tyr1His	-3.7841580020511953	0.31644608560178844	-3.7841580020511953	0.10013812509269442
p.Tyr1Ile	-7.120570513626604	0.8172803554844705	-7.120570513626604	0.6679471794608225
p.Tyr1Leu	-6.9968460473384395	0.5351419823585886	-6.9968460473384395	0.2863769412826799
p.Tyr1Lys	-6.312485675593569	0.8181926481295276	-6.312485675593569	0.669439209453209
p.Tyr1Met	-7.058707873231831	0.8173271949465376	-7.058707873231831	0.6680237435991755
p.Tyr1Phe	-6.0243548708030925	0.4727577213111925	-6.0243548708030925	0.22349986305935116
p.Tyr1Pro	-5.969748904794996	0.634315430682309	-5.969748904794996	0.40235606560168313
p.Tyr1Ser	-6.752902863300204	0.5352921675421817	-6.752902863300204	0.28653770463200706
p.Tyr1Ter	-6.026916347613451	0.5360316761882471	-6.026916347613451	0.2873299578771818
p.Tyr1Thr	-5.779890484643339	0.6346903058839243	-5.779890484643339	0.4028317843830293
p.Tyr1Trp	-5.634034818323821	0.819788057488416	-5.634034818323821	0.6720524592006305
p.Tyr1Val	-6.935533816464315	0.6332037022790216	-6.935533816464315	0.40094692857985975
