	score	SE	logratio	variance
_wt	2.33024974733204	0.029237776506411427	2.33024974733204	0.0008548475750388639
p.Trp1Ala	-6.344893516101798	0.6337250086609691	-6.344893516101798	0.40160738660234546
p.Trp1Arg	-5.891137337870387	0.393522313578654	-5.891137337870387	0.1548598112842965
p.Trp1Asn	-6.594031847106169	0.8177555848703821	-6.594031847106169	0.6687241965867007
p.Trp1Asp	-6.224567747051116	0.8182896899555834	-6.224567747051116	0.6695980166876048
p.Trp1Cys	-5.219662895634209	0.42898503363713464	-5.219662895634209	0.18402815908465353
p.Trp1Gln	-6.444594707090722	0.8179482318173891	-6.444594707090722	0.6690393099331933
p.Trp1Glu	-6.72915044475226	0.8176044913670523	-6.72915044475226	0.6684771043035763
p.Trp1Gly	-7.506208556134	0.6329088703972696	-7.506208556134	0.4005736382275479
p.Trp1His	-4.915810509201172	0.8229461504631295	-4.915810509201172	0.6772403665620836
p.Trp1Ile	-5.945803828050549	0.8188452113376565	-5.945803828050549	0.6705074801306113
p.Trp1Leu	-5.9932579866772375	0.4727716912619538	-5.9932579866772375	0.22351307205868817
p.Trp1Lys	-6.622935593288518	0.8177215281538518	-6.622935593288518	0.6686684976062706
p.Trp1Met	-6.8031974171194625	0.817529941468053	-6.8031974171194625	0.6683552051967582
p.Trp1Phe	-4.6207715985236835	0.6391723666369943	-4.6207715985236835	0.40854131427233625
p.Trp1Pro	-5.716566983920679	0.6347624517707561	-5.716566983920679	0.40292337017802143
p.Trp1Ser	-6.484332929849744	0.535492108050163	-6.484332929849744	0.28675179778400745
p.Trp1Ter	-3.710211541358512	0.26960090778100804	-3.710211541358512	0.07268464947634361
p.Trp1Thr	-6.213187823388353	0.6338921311267086	-6.213187823388353	0.4018192339043603
p.Trp1Tyr	-6.926866698631379	0.8174170930861842	-6.926866698631379	0.6681707040694674
p.Trp1Val	-6.938847895171624	0.6331930239296838	-6.938847895171624	0.4009334055532171
