	score	SE	logratio	variance
_wt	4.121060459740988	0.03539993356678632	4.121060459740988	0.001253155296532885
p.Phe1Ala	-6.3564746569410495	0.42679480853805285	-6.3564746569410495	0.1821538085950332
p.Phe1Arg	-6.493679569815917	0.34329838105723076	-6.493679569815917	0.11785377843651561
p.Phe1Asn	-4.985586660263586	0.42781176259090653	-4.985586660263586	0.18302290421113818
p.Phe1Asp	-6.305619668417606	0.8172193512191632	-6.305619668417606	0.6678474680070701
p.Phe1Cys	-5.727264578129079	0.3435781728026494	-5.727264578129079	0.11804596082640723
p.Phe1Gln	-5.964802581604369	0.5352024917988509	-5.964802581604369	0.28644170722769907
p.Phe1Glu	-6.451045246444669	0.632954809698454	-6.451045246444669	0.40063179112040603
p.Phe1Gly	-6.818058803937843	0.39248410177095566	-6.818058803937843	0.1540437701429539
p.Phe1His	-5.450993251241091	0.6337577695673127	-5.450993251241091	0.40164891048693496
p.Phe1Ile	-5.73242088990802	0.6334463111515833	-5.73242088990802	0.4012542291115485
p.Phe1Leu	-5.243295018493872	0.2214992202204744	-5.243295018493872	0.04906190455827822
p.Phe1Lys	-7.051812742433003	0.8168522178872599	-7.051812742433003	0.6672475458673355
p.Phe1Met	-5.495479991688422	0.4272676294105448	-5.495479991688422	0.18255762714210666
p.Phe1Pro	-5.442220252574627	0.5356431704339258	-5.442220252574627	0.2869136060325077
p.Phe1Ser	-5.345304920468053	0.30936030606875603	-5.345304920468053	0.09570379897095442
p.Phe1Ter	-6.504119353554833	0.42674725122728274	-6.504119353554833	0.18211321643004158
p.Phe1Thr	-5.504764031913774	0.47234438806615053	-5.504764031913774	0.2231092209375862
p.Phe1Trp	-5.11179987579191	0.2115072504462214	-5.11179987579191	0.04473531699132063
p.Phe1Tyr	-5.240441052448942	0.36610827059940865	-5.240441052448942	0.13403526580128983
p.Phe1Val	-6.732581051221789	0.4266861925585891	-6.732581051221789	0.18206110692014538
