Gly	Ala	Ser	Thr	Cys	Pro	Asn	Gln	Asp	Glu	His	Lys	Arg	Val	Ile	Leu	Met	Phe	Tyr	Trp	Stop	???	pos
0.4719685849175696	0.5350568084592628	0.5351517489863935	0.633376107977766	0.8174487162717472	0.6352919109672329	0.5374434063849822	0.8180194787640236	0.6334831236952102	0.03279307836857453	nan	nan	0.5353549607436899	0.3659838486691999	0.821669202445683	0.4727259644033292	0.6330919725805945	0.8188469913041838	0.818644753502066	0.8172175129485943	0.4725781831952512	nan	310.0
0.6329799942948644	0.6334084346999902	0.5352921675421817	0.6346903058839243	0.34868521063690244	0.634315430682309	0.6356924552135104	0.8179638846036913	0.8174853753001107	0.8171879753831348	0.31644608560178844	0.8181926481295276	0.4720212945464917	0.6332037022790216	0.8172803554844705	0.5351419823585886	0.8173271949465376	0.4727577213111925	0.025046506236634715	0.8197880574884159	0.5360316761882471	nan	322.0
nan	nan	nan	nan	nan	nan	nan	nan	0.04368000256694543	nan	nan	nan	nan	nan	nan	nan	nan	nan	nan	nan	nan	nan	334.0
0.06480370534153661	0.07905083827275902	0.047119157204879934	0.4732772810018586	0.040845245787962815	0.6364613527112198	0.6369688572762623	0.08352885819274589	0.03264196022875019	0.04578947905232021	0.5384390255339129	0.5364160467276964	0.03312939432939123	0.03598673199750782	0.09316759961442474	0.04157369672662077	0.11245129812738702	0.05346325759046168	0.17685265526935934	0.07980641687478596	0.6331495093482238	nan	336.0
