Gly	Ala	Ser	Thr	Cys	Pro	Asn	Gln	Asp	Glu	His	Lys	Arg	Val	Ile	Leu	Met	Phe	Tyr	Trp	Stop	???	pos
0.4719685377231437	0.5350567668295035	0.5351517073640196	0.6333760728102161	0.8174486890232052	0.6352918759057352	0.5374433649400862	0.8180194515344938	0.6334830885336011	0.03279184345287831	nan	nan	0.5353543437108902	0.3659834389754164	0.8216691753371026	0.472725917284516	0.633091550639578	0.8188469641021718	0.8186447262933341	0.8172174856923433	0.4725781360617034	nan	310.0
0.6329799770661599	0.6334084174829393	0.5352921471693349	0.6346902887016463	0.34866396623674045	0.6343154134898764	0.6356924380583197	0.817963871271287	0.8174853619599023	0.8171879620380716	0.3164460511395967	0.8181926348008509	0.4720210055616931	0.633203093136578	0.8172803421409157	0.5351419619800242	0.8173271816037475	0.4727561849621222	0.025045882806102784	0.8197880441856786	0.5360316558435066	nan	322.0
0.3656112919062917	0.6328693684674183	0.5360824755245168	0.6336290176656485	0.8173592451445264	0.6349696137745721	nan	0.8170574833077748	0.02018845931341366	nan	0.63574606706824	0.8169309921543317	0.5349329107355038	0.4719056360050303	nan	0.5351002667390978	nan	0.8175124327964141	nan	0.8167867122360822	nan	nan	334.0
0.06480360225512356	0.07905075376537188	0.047119015428441886	0.4732772668867159	0.040845082234299016	0.6364613422150974	0.6369688467885026	0.08352877821584251	0.032641197336251294	0.04578933315883108	0.5384390131269811	0.5364160342739743	0.03312732273826989	0.035986546362606245	0.09316752791161366	0.041573536038742184	0.1124512387205318	0.05346313263765616	0.17679524216254258	0.07980633316748538	0.6331494987971988	nan	336.0
