count0	codon	count1	score	SE	logratio	variance	mut_aa	wt_aa
1254.0	CAC	16577	0.02457240068333366	0.041155088456344295	0.02457240068333366	0.0016937413058495234	His	His
