GGT	GGC	GGA	GGG	GCT	GCC	GCA	GCG	TCT	TCC	TCA	TCG	AGT	AGC	ACT	ACC	ACA	ACG	TGT	TGC	CCT	CCC	CCA	CCG	AAT	AAC	CAA	CAG	GAT	GAC	GAA	GAG	CAT	CAC	AAA	AAG	CGT	CGC	CGA	CGG	AGA	AGG	GTT	GTC	GTA	GTG	ATT	ATC	ATA	TTA	TTG	CTT	CTC	CTA	CTG	ATG	TTT	TTC	TAT	TAC	TGG	TAA	TAG	TGA	pos
nan	0.6328780173175242	nan	0.4716924213695982	nan	0.8170009642440881	nan	0.4719502849112244	nan	0.4290429352431916	nan	0.8174151268991531	nan	0.4723200053862155	nan	nan	nan	0.5354129374093548	nan	0.343578176598999	nan	0.8175104795526575	nan	nan	nan	0.4278117656397775	nan	0.5352024942359525	nan	0.8172193528152376	nan	0.6329548117591742	nan	0.633757771625422	nan	0.8168522194840516	nan	nan	nan	0.5349601500952353	nan	0.4717509358263039	nan	0.632952608223619	nan	0.5348495355581205	nan	0.6334463132107047	nan	nan	0.36578157193074495	nan	0.36954435272895575	nan	0.3931530871782057	0.4272676324632985	nan	0.03539997041267926	nan	0.366108274162133	0.21150725661311556	nan	0.4267473305704382	nan	184.0
nan	0.6336310942335189	nan	0.6333599489630647	nan	0.5405974402538433	nan	0.8218885141236216	nan	0.8190689112491599	nan	0.6369479409055955	nan	0.6338199885044361	nan	0.4725665804487407	nan	nan	nan	0.6335707647432569	nan	nan	nan	nan	nan	0.636484854380558	nan	0.6337775655940003	nan	0.8177954205580964	nan	0.8172400573407546	nan	0.029202575153962837	nan	0.8204864248489359	nan	0.431326247388108	nan	nan	nan	0.8172500764417491	nan	0.4728764652643799	nan	0.4726230310894146	nan	0.8216239166315134	nan	nan	nan	nan	0.6374715923113816	nan	0.6341154788597432	0.6340373712166781	nan	0.10911775549400662	nan	0.5371484231085916	0.6336853341891481	nan	0.8173924588047573	nan	312.0
nan	0.8172221328953603	nan	0.8170696776660525	nan	0.818228385245496	nan	0.8186081243263525	nan	0.8208753347921977	nan	0.8182059444304912	nan	0.8176569570633576	nan	0.8200608736470746	nan	0.8180569404859126	nan	0.5365899075893964	nan	0.8245247557750173	nan	0.8187550560050947	nan	0.8177555940952737	nan	0.8179482410401079	nan	0.8182946027523579	nan	0.8176045005936486	nan	0.8229461596298369	nan	0.8177215373791276	nan	0.8207569857727025	nan	0.5376710136606705	nan	0.6337561931364065	nan	0.8192347313657392	nan	0.8171868163317917	nan	0.8188452205502726	nan	nan	0.633813320835911	nan	0.8219842251222976	nan	0.8220327167007929	0.8175299506954907	nan	0.6391723784392983	nan	0.8174171023148957	0.02923803451759593	nan	0.3301445634179385	nan	335.0
