Gly	Ala	Ser	Thr	Cys	Pro	Asn	Gln	Asp	Glu	His	Lys	Arg	Val	Ile	Leu	Met	Phe	Tyr	Trp	Stop	???	pos
0.3924841017709557	0.4267948085380529	0.30936030606875603	0.4723443880661505	0.3435781728026494	0.5356431704339258	0.4278117625909065	0.5352024917988509	0.8172193512191632	0.632954809698454	0.6337577695673127	0.8168522178872599	0.3432983810572308	0.4266861925585891	0.6334463111515833	0.2214992202204744	0.4272676294105448	0.03539993356678632	0.3661082705994087	0.2115072504462214	0.4267472512272827	nan	184.0
nan	nan	nan	nan	nan	nan	nan	nan	nan	nan	0.04115504444158965	nan	nan	nan	nan	nan	nan	nan	nan	nan	nan	nan	312.0
0.6329311865621573	0.6337472960871533	0.5355184837887856	0.6339144126771317	0.6342225366240971	0.6347909882129477	0.8177728567775608	0.8179654996566944	0.81830695058947	0.8176235533883228	0.8229633134335431	0.8177388007803611	0.4725083368108941	0.6332169696542368	0.8188624602618219	0.5357549666089751	0.8175472181422859	0.6391944641247832	0.8174343721454952	0.031435608150060065	0.33016744058906466	nan	335.0
