Gly	Ala	Ser	Thr	Cys	Pro	Asn	Gln	Asp	Glu	His	Lys	Arg	Val	Ile	Leu	Met	Phe	Tyr	Trp	Stop	???	pos
0.3924841017709557	0.4267948085380529	0.30936030606875603	0.4723443880661505	0.3435781728026494	0.5356431704339258	0.4278117625909065	0.5352024917988509	0.8172193512191632	0.632954809698454	0.6337577695673127	0.8168522178872599	0.3432983810572308	0.4266861925585891	0.6334463111515833	0.2214992202204744	0.4272676294105448	0.03539993356678632	0.3661082705994087	0.2115072504462214	0.4267472512272827	nan	184.0
0.4721427492225154	0.4754295169594043	0.4276497715397161	0.4276846153561626	0.633570756620537	nan	0.6364848462950272	0.536086073379926	0.8177954142651804	0.8172400510435621	0.029202398925211176	0.8204864185766593	0.3664978574675515	0.3439859855569276	0.8215414537366162	0.4282930191825575	0.634037363099936	0.1091177083310227	0.5371484135277799	0.6336853260678967	0.8173924525087389	nan	312.0
0.6329088703972696	0.6337250086609691	0.5354921080501629	0.6338921311267086	0.4289850336371345	0.6347624517707561	0.8177555848703821	0.8179482318173891	0.8182896899555834	0.8176044913670523	0.8229461504631295	0.8177215281538518	0.393522313578654	0.6331930239296838	0.8188452113376565	0.4727716912619538	0.817529941468053	0.6391723666369943	0.8174170930861842	0.029237776506411427	0.26960090778100804	nan	335.0
