GGT	GGC	GGA	GGG	GCT	GCC	GCA	GCG	TCT	TCC	TCA	TCG	AGT	AGC	ACT	ACC	ACA	ACG	TGT	TGC	CCT	CCC	CCA	CCG	AAT	AAC	CAA	CAG	GAT	GAC	GAA	GAG	CAT	CAC	AAA	AAG	CGT	CGC	CGA	CGG	AGA	AGG	GTT	GTC	GTA	GTG	ATT	ATC	ATA	TTA	TTG	CTT	CTC	CTA	CTG	ATG	TTT	TTC	TAT	TAC	TGG	TAA	TAG	TGA	pos
nan	0.6328780173175242	nan	0.4716924213695982	nan	0.8170009642440881	nan	0.4719502849112244	nan	0.4290429352431916	nan	0.8174151268991531	nan	0.4723200053862155	nan	nan	nan	0.5354129374093548	nan	0.343578176598999	nan	0.8175104795526575	nan	nan	nan	0.4278117656397775	nan	0.5352024942359525	nan	0.8172193528152376	nan	0.6329548117591742	nan	0.633757771625422	nan	0.8168522194840516	nan	nan	nan	0.5349601500952353	nan	0.4717509358263039	nan	0.632952608223619	nan	0.5348495355581205	nan	0.6334463132107047	nan	nan	0.36578157193074495	nan	0.36954435272895575	nan	0.3931530871782057	0.4272676324632985	nan	0.03539997041267926	nan	0.366108274162133	0.21150725661311556	nan	0.4267473305704382	nan	184.0
nan	nan	nan	nan	nan	nan	nan	nan	nan	nan	nan	nan	nan	nan	nan	nan	nan	nan	nan	nan	nan	nan	nan	nan	nan	nan	nan	nan	nan	nan	nan	nan	nan	0.041155088456344295	nan	nan	nan	nan	nan	nan	nan	nan	nan	nan	nan	nan	nan	nan	nan	nan	nan	nan	nan	nan	nan	nan	nan	nan	nan	nan	nan	nan	nan	nan	312.0
nan	0.8172394218038053	nan	0.8170869698003286	nan	0.8182456528925942	nan	0.8186253839634372	nan	0.8208925467601582	nan	0.8182232125511768	nan	0.8176742367778781	nan	0.8200781027091134	nan	0.8180742117518116	nan	0.8178687962841925	nan	0.824541891562841	nan	0.8187802141727625	nan	0.8177728717255727	nan	0.8179655146011857	nan	0.8183118690021643	nan	0.8176235683390641	nan	0.8229633282872774	nan	0.8177388157289954	nan	0.82077420022249	nan	0.6351410010956491	nan	0.8175217654971596	nan	0.8192519778017451	nan	0.8172060408196655	nan	0.8188624751899434	nan	nan	0.8175660526170887	nan	0.8220014138710956	nan	0.8220499044356505	0.8175472330944235	nan	0.6391944832489761	nan	0.8174343870996967	0.031435997008540384	nan	0.43078848027081945	nan	335.0
