count0	count1	score	SE	logratio	variance	wt_aa	mut_aa
1094.0	18887.0	0.026025535038253444	0.04368000256694543	0.026025535038253444	0.0019079426242483593	Asp	Asp
