count0	count1	score	SE	logratio	variance	wt_aa	mut_aa
4.0	7.0	-2.311351530813832	0.5970736084480681	-2.311351530813832	0.35649689390519695	WT	SY
1090.0	18880.0	0.02931618217816201	0.04371857264699794	0.02931618217816201	0.0019113135942908366	WT	WT
2.0	2.0	-2.8221771545798227	0.8949532604274044	-2.8221771545798227	0.8009413383496415	Asp	Ala
3.0	3.0	-2.8221771545798235	0.7565513265986736	-2.8221771545798235	0.5723699097782129	Asp	Arg
1.0	2.0	-2.311351530813832	1.0332511819573729	-2.311351530813832	1.0676080050163081	Asp	Asn
1.0	1.0	-2.8221771545798244	1.1551080779230032	-2.8221771545798244	1.3342746716829748	Asp	Cys
1.0	1.0	-2.8221771545798244	1.1551080779230032	-2.8221771545798244	1.3342746716829748	Asp	Gln
1.0	1.0	-2.8221771545798244	1.1551080779230032	-2.8221771545798244	1.3342746716829748	Asp	Glu
2.0	4.0	-2.234390489677704	0.7894070943257755	-2.234390489677704	0.6231635605718637	Asp	Gly
1.0	2.0	-2.311351530813832	1.0332511819573729	-2.311351530813832	1.0676080050163081	Asp	His
1.0	1.0	-2.8221771545798244	1.1551080779230032	-2.8221771545798244	1.3342746716829748	Asp	Ile
3.0	3.0	-2.8221771545798235	0.7565513265986736	-2.8221771545798235	0.5723699097782129	Asp	Leu
1.0	1.0	-2.8221771545798244	1.1551080779230032	-2.8221771545798244	1.3342746716829748	Asp	Lys
1.0	1.0	-2.8221771545798244	1.1551080779230032	-2.8221771545798244	1.3342746716829748	Asp	Met
1.0	1.0	-2.8221771545798244	1.1551080779230032	-2.8221771545798244	1.3342746716829748	Asp	Phe
2.0	2.0	-2.8221771545798227	0.8949532604274044	-2.8221771545798227	0.8009413383496415	Asp	Pro
3.0	3.0	-2.8221771545798235	0.7565513265986736	-2.8221771545798235	0.5723699097782129	Asp	Ser
1.0	1.0	-2.8221771545798244	1.1551080779230032	-2.8221771545798244	1.3342746716829748	Asp	Ter
2.0	2.0	-2.8221771545798227	0.8949532604274044	-2.8221771545798227	0.8009413383496415	Asp	Thr
1.0	1.0	-2.8221771545798244	1.1551080779230032	-2.8221771545798244	1.3342746716829748	Asp	Trp
1.0	2.0	-2.311351530813832	1.0332511819573729	-2.311351530813832	1.0676080050163081	Asp	Tyr
2.0	2.0	-2.8221771545798227	0.8949532604274044	-2.8221771545798227	0.8009413383496415	Asp	Val
