count0	count1	score	SE	logratio	variance	wt_aa	mut_aa
2186.0	2.0	deplete	0.6328693684674183	-7.233915809200348	0.4005236375443488	Asp	Ala
2683.0	3.0	deplete	0.5349329107355038	-7.102263393343044	0.2861532189879585	Asp	Arg
744.0	1.0	deplete	0.8173592451445264	-6.667396914237429	0.66807613562323	Asp	Cys
1176.0	1.0	deplete	0.8170574833077748	-7.124983270280782	0.6675829310292347	Asp	Gln
3676.0	7.0	deplete	0.36561129190629166	-6.6549626413155405	0.1336716167693876	Asp	Gly
243.0	2.0	deplete	0.63574606706824	-5.038975380870017	0.40417306179273504	Asp	His
1812.0	3.0	deplete	0.5351002667390978	-6.7098485884549905	0.2863322954642536	Asp	Leu
1554.0	1.0	deplete	0.8169309921543317	-7.403593291612173	0.6673762459422609	Asp	Lys
627.0	1.0	deplete	0.8175124327964141	-6.496427733119304	0.6683265777767115	Asp	Phe
320.0	2.0	deplete	0.634969613774572	-5.313740714708097	0.4031864104170291	Asp	Pro
623.0	3.0	deplete	0.5360824755245168	-5.642734966846252	0.28738442056449415	Asp	Ser
704.0	2.0	deplete	0.6336290176656485	-6.101346769686108	0.4014857320279347	Asp	Thr
2453.0	1.0	deplete	0.8167867122360822	-7.859954917643323	0.6671405332854285	Asp	Trp
2460.0	4.0	deplete	0.47190563600503027	-6.764191633751287	0.2226949292933121	Asp	Val
3168.0	38938.0	2.0485760183979114	0.02018845931341366	2.0485760183979114	0.00040757388944935867	Asp	Asp
