count0	count1	score	SE	logratio	variance	wt_aa	mut_aa
nan	1.0	nan	nan	nan	nan	WT	SY
1090.0	18893.0	1.779087008834371	0.032641197336251294	1.779087008834371	0.0010654477635440988	WT	WT
304.0	348.0	-0.9381274890246925	0.07905075376537188	-0.9381274890246925	0.006249021670873457	Asp	Ala
1538.0	2841.0	-0.45957046610024044	0.03312732273826989	-0.45957046610024044	0.0010974195118054933	Asp	Arg
177.0	2.0	-5.335774509116636	0.6369688467885026	-5.335774509116636	0.4057293117790749	Asp	Asn
893.0	2204.0	-0.16998496187681056	0.04084508223429902	-0.16998496187681056	0.0016683207427266495	Asp	Cys
180.0	745.0	0.3452297243565381	0.08352877821584251	0.3452297243565381	0.006977056790231406	Asp	Gln
585.0	3410.0	0.6890533719816831	0.045789333158831075	0.6890533719816831	0.0020966630311304267	Asp	Glu
1772.0	282.0	-2.909562339895106	0.06480360225512356	-2.909562339895106	0.004199506865240257	Asp	Gly
243.0	3.0	-5.315448606102596	0.5384390131269811	-5.315448606102596	0.28991657085715733	Asp	His
235.0	230.0	-1.0945546830950885	0.09316752791161366	-1.0945546830950885	0.008680188257161311	Asp	Ile
1047.0	1474.0	-0.7311820556162809	0.04157353603874218	-0.7311820556162809	0.0017283588987645944	Asp	Leu
517.0	3.0	-6.069341188719475	0.5364160342739743	-6.069341188719475	0.28774216182621765	Asp	Lys
189.0	137.0	-1.393859739491174	0.11245123872053181	-1.393859739491174	0.012645281089782032	Asp	Met
410.0	3060.0	0.9358630193233219	0.053463132637656154	0.9358630193233219	0.0028583065514316145	Asp	Phe
200.0	2.0	-5.457618146947789	0.6364613422150974	-5.457618146947789	0.40508304013424334	Asp	Pro
696.0	1451.0	-0.3388096418304949	0.047119015428441886	-0.3388096418304949	0.0022202016149457443	Asp	Ser
1277.0	2.0	-7.309464222279025	0.6331494987971988	-7.309464222279025	0.40087828782714413	Asp	Ter
597.0	4.0	-5.961771519104711	0.4732772668867159	-5.961771519104711	0.22399137135175973	Asp	Thr
904.0	193.0	-2.6151994244408323	0.07980633316748537	-2.6151994244408323	0.006369050813639676	Asp	Trp
222.0	37.0	-2.8536808007052494	0.17679524216254258	-2.8536808007052494	0.03125655765131207	Asp	Tyr
974.0	5768.0	0.7051482093444097	0.035986546362606245	0.7051482093444097	0.0012950315191080086	Asp	Val
