count0	count1	score	SE	logratio	variance	wt_aa	mut_aa
827.0	21022.0	2.4343850605860053	0.036561704441039004	2.4343850605860053	0.0013367582316338915	WT	SY
1090.0	18893.0	2.0516272370398605	0.032414036106074275	2.0516272370398605	0.0010506697366858867	WT	WT
888.0	2.0	-6.67379831959038	0.6334084174829393	-6.67379831959038	0.4012062233382416	Tyr	Ala
1996.0	4.0	-6.895627933596831	0.4720210055616931	-6.895627933596831	0.22280382969147186	Tyr	Arg
248.0	2.0	-5.3997065175323575	0.6356924380583197	-5.3997065175323575	0.40410487580453064	Tyr	Asn
651.0	1.0	-6.874366692326566	0.8174853619599023	-6.874366692326566	0.6682823170187125	Tyr	Asp
260.0	8.0	-4.22309110156698	0.34866396623674045	-4.22309110156698	0.1215665613519349	Tyr	Cys
431.0	1.0	-6.462356806285149	0.817963871271287	-6.462356806285149	0.6690648947051105	Tyr	Gln
953.0	1.0	-7.25522872080214	0.8171879620380716	-7.25522872080214	0.6677961652999368	Tyr	Glu
1715.0	2.0	-7.331723534294178	0.6329799770661599	-7.331723534294178	0.4006636513666764	Tyr	Gly
207.0	10.0	-3.784310486377106	0.3164460511395967	-3.784310486377106	0.10013810328184425	Tyr	His
833.0	1.0	-7.120722997952515	0.8172803421409157	-7.120722997952515	0.6679471576499723	Tyr	Ile
1718.0	3.0	-6.99699853166435	0.5351419619800242	-6.99699853166435	0.2863769194718297	Tyr	Leu
371.0	1.0	-6.31263815991948	0.818192634800851	-6.31263815991948	0.6694391876423588	Tyr	Lys
783.0	1.0	-7.058860357557742	0.8173271816037475	-7.058860357557742	0.6680237217883253	Tyr	Met
836.0	4.0	-6.0257035275204345	0.47275618496212224	-6.0257035275204345	0.22349841041994034	Tyr	Phe
439.0	2.0	-5.969901389120905	0.6343154134898764	-5.969901389120905	0.40235604379083295	Tyr	Pro
1346.0	3.0	-6.753055347626115	0.5352921471693349	-6.753055347626115	0.2865376828211569	Tyr	Ser
651.0	3.0	-6.027068831939362	0.5360316558435066	-6.027068831939362	0.2873299360663316	Tyr	Ter
363.0	2.0	-5.780042968969248	0.6346902887016463	-5.780042968969248	0.4028317625721791	Tyr	Thr
188.0	1.0	-5.634187302649732	0.8197880441856786	-5.634187302649732	0.6720524373897803	Tyr	Trp
1155.0	2.0	-6.9365521017101095	0.633203093136578	-6.9365521017101095	0.40094615715772985	Tyr	Val
