count0	count1	score	SE	logratio	variance	wt_aa	mut_aa
2145.0	3.0	deplete	0.5350567668295035	-6.414255665870114	0.28628574373004173	Glu	Ala
1274.0	3.0	deplete	0.5353543437108902	-5.893436985254705	0.28660427333011795	Glu	Arg
330.0	3.0	deplete	0.5374433649400862	-4.543734420730276	0.2888453705181226	Glu	Asn
836.0	2.0	deplete	0.6334830885336011	-5.808826518486628	0.4013008234580704	Glu	Asp
689.0	1.0	deplete	0.8174486890232052	-6.126392319059096	0.6682223591857569	Glu	Cys
419.0	1.0	deplete	0.8180194515344938	-5.629489147733	0.6691558230887942	Glu	Gln
2343.0	4.0	deplete	0.4719685377231437	-6.251214150520389	0.2227543006005225	Glu	Gly
119.0	1.0	deplete	0.8216691753371026	-4.373741993197305	0.6751402336991542	Glu	Ile
875.0	4.0	deplete	0.472725917284516	-5.266608484883535	0.22346979287248706	Glu	Leu
1429.0	2.0	deplete	0.633091550639578	-6.344680009822115	0.4008049114912254	Glu	Met
267.0	1.0	deplete	0.8188469641021718	-5.1795451881618	0.6705103506193435	Glu	Phe
286.0	2.0	deplete	0.6352918759057352	-4.737338534214543	0.4035957675918281	Glu	Pro
1761.0	3.0	deplete	0.5351517073640196	-6.217048759219827	0.28638734989462533	Glu	Ser
997.0	4.0	deplete	0.4725781360617034	-5.397065481921647	0.22333009468355386	Glu	Ter
943.0	2.0	deplete	0.633376072810216	-5.929196362868353	0.4011652496084921	Glu	Thr
932.0	1.0	deplete	0.8172174856923433	-6.42829477334371	0.6678444189213153	Glu	Trp
293.0	1.0	deplete	0.8186447262933341	-5.2723032610938905	0.6701791878878878	Glu	Tyr
1979.0	7.0	deplete	0.3659834389754164	-5.571587275937823	0.13394387760427234	Glu	Val
1090.0	18893.0	2.8562909109757877	0.03279184345287831	2.8562909109757877	0.0010753049970380784	Glu	Glu
