count0	count1	score	SE	logratio	variance	wt_aa	mut_aa
827.0	21020.0	2.4344424042225503	0.03656206460745149	2.4344424042225503	0.0013367845683594567	WT	SY
1090.0	18880.0	2.0510914172140664	0.032414934687807526	2.0510914172140664	0.0010507279908148278	WT	WT
888.0	2.0	-6.6736458352644705	0.6334084346999902	-6.6736458352644705	0.40120624514909176	Tyr	Ala
1995.0	4.0	-6.894974447256433	0.47202129454649167	-6.894974447256433	0.22280410250534582	Tyr	Arg
248.0	2.0	-5.3995540332064484	0.6356924552135104	-5.3995540332064484	0.4041048976153808	Tyr	Asn
651.0	1.0	-6.874214208000655	0.8174853753001107	-6.874214208000655	0.6682823388295628	Tyr	Asp
259.0	8.0	-4.219092458653592	0.34868521063690244	-4.219092458653592	0.12158137611690102	Tyr	Cys
431.0	1.0	-6.462204321959238	0.8179638846036913	-6.462204321959238	0.6690649165159608	Tyr	Gln
953.0	1.0	-7.25507623647623	0.8171879753831348	-7.25507623647623	0.667796187110787	Tyr	Glu
1715.0	2.0	-7.331571049968269	0.6329799942948644	-7.331571049968269	0.4006636731775266	Tyr	Gly
207.0	10.0	-3.7841580020511953	0.31644608560178844	-3.7841580020511953	0.10013812509269442	Tyr	His
833.0	1.0	-7.120570513626604	0.8172803554844705	-7.120570513626604	0.6679471794608225	Tyr	Ile
1718.0	3.0	-6.9968460473384395	0.5351419823585886	-6.9968460473384395	0.2863769412826799	Tyr	Leu
371.0	1.0	-6.312485675593569	0.8181926481295276	-6.312485675593569	0.669439209453209	Tyr	Lys
783.0	1.0	-7.058707873231831	0.8173271949465376	-7.058707873231831	0.6680237435991755	Tyr	Met
835.0	4.0	-6.0243548708030925	0.4727577213111925	-6.0243548708030925	0.22349986305935116	Tyr	Phe
439.0	2.0	-5.969748904794996	0.634315430682309	-5.969748904794996	0.40235606560168313	Tyr	Pro
1346.0	3.0	-6.752902863300204	0.5352921675421817	-6.752902863300204	0.28653770463200706	Tyr	Ser
651.0	3.0	-6.026916347613451	0.5360316761882471	-6.026916347613451	0.2873299578771818	Tyr	Ter
363.0	2.0	-5.779890484643339	0.6346903058839243	-5.779890484643339	0.4028317843830293	Tyr	Thr
188.0	1.0	-5.634034818323821	0.819788057488416	-5.634034818323821	0.6720524592006305	Tyr	Trp
1154.0	2.0	-6.935533816464315	0.6332037022790216	-6.935533816464315	0.40094692857985975	Tyr	Val
