	score	SE	logratio	variance
_wt	2.8562909109757877	0.03279184345287831	2.8562909109757877	0.0010753049970380784
p.Glu1Ala	-6.414255665870114	0.5350567668295035	-6.414255665870114	0.28628574373004173
p.Glu1Arg	-5.893436985254705	0.5353543437108902	-5.893436985254705	0.28660427333011795
p.Glu1Asn	-4.543734420730276	0.5374433649400862	-4.543734420730276	0.2888453705181226
p.Glu1Asp	-5.808826518486628	0.6334830885336011	-5.808826518486628	0.4013008234580704
p.Glu1Cys	-6.126392319059096	0.8174486890232052	-6.126392319059096	0.6682223591857569
p.Glu1Gln	-5.629489147733	0.8180194515344938	-5.629489147733	0.6691558230887942
p.Glu1Gly	-6.251214150520389	0.4719685377231437	-6.251214150520389	0.2227543006005225
p.Glu1His	0.0041092700660971815	1.1547461623789883	0.0041092700660971815	1.3334386995290006
p.Glu1Ile	-4.373741993197305	0.8216691753371026	-4.373741993197305	0.6751402336991542
p.Glu1Leu	-5.266608484883535	0.472725917284516	-5.266608484883535	0.22346979287248706
p.Glu1Lys	-1.2688564057467904	0.6048302670253475	-1.2688564057467904	0.3658196519099532
p.Glu1Met	-6.344680009822115	0.633091550639578	-6.344680009822115	0.4008049114912254
p.Glu1Phe	-5.1795451881618	0.8188469641021718	-5.1795451881618	0.6705103506193435
p.Glu1Pro	-4.737338534214543	0.6352918759057352	-4.737338534214543	0.4035957675918281
p.Glu1Ser	-6.217048759219827	0.5351517073640196	-6.217048759219827	0.28638734989462533
p.Glu1Ter	-5.397065481921647	0.4725781360617034	-5.397065481921647	0.22333009468355386
p.Glu1Thr	-5.929196362868353	0.633376072810216	-5.929196362868353	0.4011652496084921
p.Glu1Trp	-6.42829477334371	0.8172174856923433	-6.42829477334371	0.6678444189213153
p.Glu1Tyr	-5.2723032610938905	0.8186447262933341	-5.2723032610938905	0.6701791878878878
p.Glu1Val	-5.571587275937823	0.3659834389754164	-5.571587275937823	0.13394387760427234
