	score	SE	logratio	variance
_wt	2.8561313928758034	0.03279307836857453	2.8561313928758034	0.0010753859888874705
p.Glu1Ala	-6.413726879818394	0.5350568084592628	-6.413726879818394	0.28628578827861234
p.Glu1Arg	-5.8921232698063255	0.53535496074369	-5.8921232698063255	0.28660493399287795
p.Glu1Asn	-4.543205634678555	0.5374434063849822	-4.543205634678555	0.2888454150666932
p.Glu1Asp	-5.808297732434907	0.6334831236952102	-5.808297732434907	0.401300868006641
p.Glu1Cys	-6.125863533007375	0.8174487162717472	-6.125863533007375	0.6682224037343275
p.Glu1Gln	-5.628960361681279	0.8180194787640236	-5.628960361681279	0.6691558676373648
p.Glu1Gly	-6.250685364468668	0.4719685849175696	-6.250685364468668	0.22275434514909312
p.Glu1His	0.004638056117817868	1.1547461816683229	0.004638056117817868	1.3334387440775715
p.Glu1Ile	-4.373213207145584	0.821669202445683	-4.373213207145584	0.6751402782477248
p.Glu1Leu	-5.266079698831814	0.4727259644033292	-5.266079698831814	0.22346983742105767
p.Glu1Lys	-1.2683276196950697	0.6048303038526789	-1.2683276196950697	0.3658196964585238
p.Glu1Met	-6.3434514336788554	0.6330919725805945	-6.3434514336788554	0.4008054457459882
p.Glu1Phe	-5.179016402110079	0.8188469913041838	-5.179016402110079	0.6705103951679141
p.Glu1Pro	-4.736809748162822	0.635291910967233	-4.736809748162822	0.4035958121403987
p.Glu1Ser	-6.216519973168106	0.5351517489863935	-6.216519973168106	0.28638739444319594
p.Glu1Ter	-5.396536695869926	0.47257818319525124	-5.396536695869926	0.22333013923212447
p.Glu1Thr	-5.928667576816633	0.633376107977766	-5.928667576816633	0.4011652941570627
p.Glu1Trp	-6.4277659872919894	0.8172175129485943	-6.4277659872919894	0.6678444634698859
p.Glu1Tyr	-5.27177447504217	0.818644753502066	-5.27177447504217	0.6701792324364584
p.Glu1Val	-5.570553184165396	0.36598384866919986	-5.570553184165396	0.13394417748671977
