count0	codon	count1	score	SE	logratio	variance	mut_aa	wt_aa
1090.0	GAT	18880	0.02958043882575545	0.04371873237647767	0.02958043882575545	0.0019113275606060772	Asp	Asp
