count0	codon	count1	score	SE	logratio	variance	mut_aa	wt_aa
2453.0	TGG	1.0	deplete	0.8167867203166144	-7.860070511107693	0.6671405464855713	Trp	Asp
2185.0	GGG	1.0	deplete	0.816817315363513	-7.744399569881105	0.6671905266776565	Gly	Asp
2078.0	GAC	20045.0	1.8060934462632012	0.024439752656955326	1.8060934462632012	0.0005973015099331549	Asp	Asp
1709.0	AGG	1.0	deplete	0.8168953004169386	-7.498755864657091	0.6673179318432803	Arg	Asp
1554.0	AAG	1.0	deplete	0.8169310002334369	-7.403708885076544	0.6673762591424036	Lys	Asp
1490.0	GGC	4.0	deplete	0.4721858075318114	-6.263054280027751	0.2229594368344688	Gly	Asp
1311.0	GTG	1.0	deplete	0.8170039480824063	-7.233726454884664	0.6674954511822393	Val	Asp
1305.0	GCC	1.0	deplete	0.8170060927073773	-7.229141043716918	0.6674989555209756	Ala	Asp
1176.0	CAG	1.0	deplete	0.8170574913856291	-7.125098863745152	0.6675829442293775	Gln	Asp
1149.0	GTC	3.0	deplete	0.535397542000466	-6.254584139393767	0.28665052798014073	Val	Asp
1090.0	GAT	18893.0	2.3919168772237915	0.03219064481414008	2.3919168772237915	0.0010362376135501236	Asp	Asp
881.0	GCG	1.0	deplete	0.8172315433387265	-6.83642465741566	0.6678673954277968	Ala	Asp
863.0	CTC	1.0	deplete	0.8172460113515665	-6.815793553164468	0.6678910430700448	Leu	Asp
839.0	CGG	1.0	deplete	0.8172662667137005	-6.7876061320953305	0.6679241507081494	Arg	Asp
744.0	TGC	1.0	deplete	0.8173592532193985	-6.667512507701799	0.6680761488233727	Cys	Asp
703.0	ACG	1.0	deplete	0.8174071382040149	-6.610867532132179	0.6681544295868774	Thr	Asp
625.0	TTC	1.0	deplete	0.8175155573455637	-6.493350985484701	0.6683316865020277	Phe	Asp
615.0	CTG	1.0	deplete	0.8175314433393155	-6.477234601202244	0.6683576608484644	Leu	Asp
374.0	TCG	1.0	deplete	0.8181706377328256	-5.980391458535009	0.6694031924481386	Ser	Asp
334.0	TTG	1.0	deplete	0.8183657508111333	-5.867436535146019	0.6697225021006699	Leu	Asp
319.0	CCC	1.0	deplete	0.8184514988273162	-5.821556929395324	0.6698628559326804	Pro	Asp
242.0	CAC	1.0	deplete	0.8190584086736747	-5.545801365955273	0.6708566768190524	His	Asp
172.0	TCC	1.0	deplete	0.8200793052675586	-5.20519689204915	0.6725300669281216	Ser	Asp
135.0	CGC	1.0	deplete	0.8210438717142856	-4.963771295897491	0.6741130392795842	Arg	Asp
