count0	count1	score	SE	logratio	variance	wt_aa	mut_aa
3381.0	5.0	deplete	0.42679480853805285	-6.3564746569410495	0.1821538085950332	Phe	Ala
5994.0	8.0	deplete	0.34329838105723076	-6.493679569815917	0.11785377843651561	Phe	Arg
858.0	5.0	deplete	0.42781176259090653	-4.985586660263586	0.18302290421113818	Phe	Asn
876.0	1.0	deplete	0.8172193512191632	-6.305619668417606	0.6678474680070701	Phe	Asp
2785.0	8.0	deplete	0.3435781728026494	-5.727264578129079	0.11804596082640723	Phe	Cys
1454.0	3.0	deplete	0.5352024917988509	-5.964802581604369	0.28644170722769907	Phe	Gln
1689.0	2.0	deplete	0.632954809698454	-6.451045246444669	0.40063179112040603	Phe	Glu
6340.0	6.0	deplete	0.39248410177095566	-6.818058803937843	0.1540437701429539	Phe	Gly
621.0	2.0	deplete	0.6337577695673127	-5.450993251241091	0.40164891048693496	Phe	His
823.0	2.0	deplete	0.6334463111515833	-5.73242088990802	0.4012542291115485	Phe	Ile
4140.0	20.0	deplete	0.2214992202204744	-5.243295018493872	0.04906190455827822	Phe	Leu
1848.0	1.0	deplete	0.8168522178872599	-7.051812742433003	0.6672475458673355	Phe	Lys
1429.0	5.0	deplete	0.4272676294105448	-5.495479991688422	0.18255762714210666	Phe	Met
862.0	3.0	deplete	0.5356431704339258	-5.442220252574627	0.2869136060325077	Phe	Pro
2348.0	10.0	deplete	0.30936030606875603	-5.345304920468053	0.09570379897095442	Phe	Ser
3919.0	5.0	deplete	0.42674725122728274	-6.504119353554833	0.18211321643004158	Phe	Ter
1180.0	4.0	deplete	0.47234438806615053	-5.504764031913774	0.2231092209375862	Phe	Thr
3984.0	22.0	deplete	0.2115072504462214	-5.11179987579191	0.04473531699132063	Phe	Trp
1510.0	7.0	deplete	0.36610827059940865	-5.240441052448942	0.13403526580128983	Phe	Tyr
4925.0	5.0	deplete	0.4266861925585891	-6.732581051221789	0.18206110692014538	Phe	Val
838.0	48427.0	4.121060459740988	0.03539993356678632	4.121060459740988	0.001253155296532885	Phe	Phe
