count0	count1	score	SE	logratio	variance	wt_aa	mut_aa
664.0	2.0	deplete	0.6337472960871533	-5.742229083753119	0.4016356352977779	Trp	Ala
1097.0	4.0	deplete	0.47250833681089405	-5.656197685647027	0.2232641283557973	Trp	Arg
511.0	1.0	deplete	0.817772856777561	-5.991367414757493	0.6687524452821332	Trp	Asn
353.0	1.0	deplete	0.81830695058947	-5.621903314702439	0.6696262653830373	Trp	Asp
474.0	2.0	deplete	0.6342225366240971	-5.405455823649802	0.40223822596190417	Trp	Cys
440.0	1.0	deplete	0.8179654996566944	-5.841930274742046	0.6690675586286258	Trp	Gln
584.0	1.0	deplete	0.8176235533883228	-6.124776610277935	0.6685082750553475	Trp	Glu
2122.0	2.0	deplete	0.6329311865621573	-6.903544123785322	0.4006018869229803	Trp	Gly
95.0	1.0	deplete	0.8229633134335431	-4.313146076852496	0.6772686152575161	Trp	His
267.0	1.0	deplete	0.8188624602618219	-5.343139395701872	0.6705357288260438	Trp	Ile
841.0	3.0	deplete	0.5357549666089751	-5.641907982609467	0.28703338424618413	Trp	Leu
526.0	1.0	deplete	0.8177388007803611	-6.020271160939841	0.6686967463017031	Trp	Lys
630.0	1.0	deplete	0.817547218142286	-6.200532984770786	0.6683834538921907	Trp	Met
118.0	2.0	deplete	0.6391944641247832	-4.018107166175005	0.4085695629677687	Trp	Phe
353.0	2.0	deplete	0.6347909882129477	-5.111077690936447	0.40295959871637066	Trp	Pro
1069.0	3.0	deplete	0.5355184837887856	-5.881668497501067	0.2867800464794399	Trp	Ser
276.0	9.0	deplete	0.33016744058906466	-3.5304039598298695	0.10901053882513356	Trp	Ter
582.0	2.0	deplete	0.6339144126771317	-5.610523391039674	0.40184748259979275	Trp	Thr
713.0	1.0	deplete	0.8174343721454952	-6.324202266282702	0.6681989527648999	Trp	Tyr
1200.0	2.0	deplete	0.6332169696542368	-6.333687621261126	0.4009637306580946	Trp	Val
1254.0	16577.0	2.421824329962571	0.03143560815006007	2.421824329962571	0.0009881974597641234	Trp	Trp
