count0	count1	score	SE	logratio	variance	wt_aa	mut_aa
nan	7.0	nan	nan	nan	nan	WT	SY
1389.0	30610.0	2.3537340632482433	0.029202398925211173	2.3537340632482433	0.0008527801029871747	WT	WT
269.0	4.0	-4.831156047479226	0.4754295169594043	-4.831156047479226	0.22603322559625247	His	Ala
1127.0	7.0	-5.751520104741017	0.36649785746755154	-5.751520104741017	0.1343206795283057	His	Arg
199.0	2.0	-5.118188558362211	0.6364848462950272	-5.118188558362211	0.4051129595632045	His	Asn
494.0	1.0	-6.536747096861052	0.8177954142651804	-6.536747096861052	0.668789339593158	His	Asp
762.0	2.0	-6.458976830513859	0.633570756620537	-6.458976830513859	0.40141190364471974	His	Cys
635.0	3.0	-5.940314176040589	0.536086073379926	-5.940314176040589	0.28738827807190737	His	Gln
897.0	1.0	-7.132813066160718	0.8172400510435621	-7.132813066160718	0.667881301029684	His	Glu
1677.0	4.0	-6.659647525976011	0.47214274922251537	-6.659647525976011	0.22291877564339502	His	Gly
122.0	1.0	-5.141310975783067	0.8215414537366162	-5.141310975783067	0.6749303602076727	His	Ile
659.0	5.0	-5.525398933825392	0.42829301918255747	-5.525398933825392	0.18343491028051054	His	Leu
155.0	1.0	-5.379845677417573	0.8204864185766593	-5.379845677417573	0.6731979630687529	His	Lys
525.0	2.0	-6.086724512349298	0.634037363099936	-6.086724512349298	0.40200337780672	His	Met
248.0	128.0	-1.3981789951078571	0.1091177083310227	-1.3981789951078571	0.01190667427141414	His	Phe
3.0	4.0	-0.48735062562554177	0.7127670981263035	-0.48735062562554177	0.5080369361713916	His	Pro
1035.0	5.0	-5.976556642503662	0.42764977153971606	-5.976556642503662	0.18288432709797134	His	Ser
733.0	1.0	-6.931027543381321	0.8173924525087389	-6.931027543381321	0.6681304214182511	His	Ter
1004.0	5.0	-5.9461621459230125	0.4276846153561626	-5.9461621459230125	0.18291413021234873	His	Thr
686.0	2.0	-6.353980547240318	0.6336853260678967	-6.353980547240318	0.40155709247377663	His	Trp
368.0	3.0	-5.395342797040471	0.5371484135277799	-5.395342797040471	0.28852841815541086	His	Tyr
1727.0	8.0	-6.053029446052002	0.3439859855569276	-6.053029446052002	0.11832635825957082	His	Val
