count0	count1	score	SE	logratio	variance	wt_aa	mut_aa
1254.0	16577.0	0.02451221048227925	0.04115504444158965	0.02451221048227925	0.0016937376829892193	His	His
