count0	count1	score	SE	logratio	variance	wt_aa	mut_aa
1389.0	30610.0	2.33024974733204	0.029237776506411427	2.33024974733204	0.0008548475750388639	WT	WT
664.0	2.0	-6.344893516101798	0.6337250086609691	-6.344893516101798	0.40160738660234546	Trp	Ala
1097.0	6.0	-5.891137337870387	0.393522313578654	-5.891137337870387	0.1548598112842965	Trp	Arg
511.0	1.0	-6.594031847106169	0.8177555848703821	-6.594031847106169	0.6687241965867007	Trp	Asn
353.0	1.0	-6.224567747051116	0.8182896899555834	-6.224567747051116	0.6695980166876048	Trp	Asp
474.0	5.0	-5.219662895634209	0.42898503363713464	-5.219662895634209	0.18402815908465353	Trp	Cys
440.0	1.0	-6.444594707090722	0.8179482318173891	-6.444594707090722	0.6690393099331933	Trp	Gln
585.0	1.0	-6.72915044475226	0.8176044913670523	-6.72915044475226	0.6684771043035763	Trp	Glu
2122.0	2.0	-7.506208556134	0.6329088703972696	-7.506208556134	0.4005736382275479	Trp	Gly
95.0	1.0	-4.915810509201172	0.8229461504631295	-4.915810509201172	0.6772403665620836	Trp	His
267.0	1.0	-5.945803828050549	0.8188452113376565	-5.945803828050549	0.6705074801306113	Trp	Ile
841.0	4.0	-5.9932579866772375	0.4727716912619538	-5.9932579866772375	0.22351307205868817	Trp	Leu
526.0	1.0	-6.622935593288518	0.8177215281538518	-6.622935593288518	0.6686684976062706	Trp	Lys
630.0	1.0	-6.8031974171194625	0.817529941468053	-6.8031974171194625	0.6683552051967582	Trp	Met
118.0	2.0	-4.6207715985236835	0.6391723666369943	-4.6207715985236835	0.40854131427233625	Trp	Phe
354.0	2.0	-5.716566983920679	0.6347624517707561	-5.716566983920679	0.40292337017802143	Trp	Pro
1069.0	3.0	-6.484332929849744	0.535492108050163	-6.484332929849744	0.28675179778400745	Trp	Ser
276.0	14.0	-3.710211541358512	0.26960090778100804	-3.710211541358512	0.07268464947634361	Trp	Ter
582.0	2.0	-6.213187823388353	0.6338921311267086	-6.213187823388353	0.4018192339043603	Trp	Thr
713.0	1.0	-6.926866698631379	0.8174170930861842	-6.926866698631379	0.6681707040694674	Trp	Tyr
1203.0	2.0	-6.938847895171624	0.6331930239296838	-6.938847895171624	0.4009334055532171	Trp	Val
