count0	count1	score	SE	logratio	variance	wt_aa	mut_aa
nan	3.0	nan	nan	nan	nan	WT	SY
1254.0	16577.0	0.02451221048227925	0.04115504444158965	0.02451221048227925	0.0016937376829892193	WT	WT
2.0	2.0	-2.5567970569542657	0.8948945662063174	-2.5567970569542657	0.800836284625593	His	Ala
3.0	6.0	-1.9377578485480438	0.6636239328008239	-1.9377578485480438	0.44039672418603243	His	Arg
1.0	1.0	-2.5567970569542675	1.1550626034804028	-2.5567970569542675	1.3341696179589262	His	Asn
2.0	1.0	-3.067622680720258	1.033200344218032	-3.067622680720258	1.0675029512922596	His	Asp
1.0	1.0	-2.5567970569542675	1.1550626034804028	-2.5567970569542675	1.3341696179589262	His	Cys
1.0	2.0	-2.0459714331882752	1.033200344218032	-2.0459714331882752	1.0675029512922596	His	Gln
1.0	1.0	-2.5567970569542675	1.1550626034804028	-2.5567970569542675	1.3341696179589262	His	Glu
2.0	2.0	-2.5567970569542657	0.8948945662063174	-2.5567970569542657	0.800836284625593	His	Gly
1.0	1.0	-2.5567970569542675	1.1550626034804028	-2.5567970569542675	1.3341696179589262	His	Ile
3.0	3.0	-2.5567970569542666	0.756481894068962	-2.5567970569542666	0.5722648560541643	His	Leu
1.0	1.0	-2.5567970569542675	1.1550626034804028	-2.5567970569542675	1.3341696179589262	His	Lys
1.0	1.0	-2.5567970569542675	1.1550626034804028	-2.5567970569542675	1.3341696179589262	His	Met
1.0	1.0	-2.5567970569542675	1.1550626034804028	-2.5567970569542675	1.3341696179589262	His	Phe
3.0	3.0	-2.5567970569542666	0.756481894068962	-2.5567970569542666	0.5722648560541643	His	Pro
3.0	3.0	-2.5567970569542666	0.756481894068962	-2.5567970569542666	0.5722648560541643	His	Ser
2.0	1.0	-3.067622680720258	1.033200344218032	-3.067622680720258	1.0675029512922596	His	Ter
2.0	2.0	-2.5567970569542657	0.8948945662063174	-2.5567970569542657	0.800836284625593	His	Thr
1.0	1.0	-2.5567970569542675	1.1550626034804028	-2.5567970569542675	1.3341696179589262	His	Trp
1.0	2.0	-2.0459714331882752	1.033200344218032	-2.0459714331882752	1.0675029512922596	His	Tyr
2.0	2.0	-2.5567970569542657	0.8948945662063174	-2.5567970569542657	0.800836284625593	His	Val
