	score	SE	logratio	variance
_wt	1.779087008834371	0.032641197336251294	1.779087008834371	0.0010654477635440988
p.Asp1Ala	-0.9381274890246925	0.07905075376537188	-0.9381274890246925	0.006249021670873457
p.Asp1Arg	-0.45957046610024044	0.03312732273826989	-0.45957046610024044	0.0010974195118054933
p.Asp1Asn	-5.335774509116636	0.6369688467885026	-5.335774509116636	0.4057293117790749
p.Asp1Cys	-0.16998496187681056	0.04084508223429902	-0.16998496187681056	0.0016683207427266495
p.Asp1Gln	0.3452297243565381	0.08352877821584251	0.3452297243565381	0.006977056790231406
p.Asp1Glu	0.6890533719816831	0.045789333158831075	0.6890533719816831	0.0020966630311304267
p.Asp1Gly	-2.909562339895106	0.06480360225512356	-2.909562339895106	0.004199506865240257
p.Asp1His	-5.315448606102596	0.5384390131269811	-5.315448606102596	0.28991657085715733
p.Asp1Ile	-1.0945546830950885	0.09316752791161366	-1.0945546830950885	0.008680188257161311
p.Asp1Leu	-0.7311820556162809	0.04157353603874218	-0.7311820556162809	0.0017283588987645944
p.Asp1Lys	-6.069341188719475	0.5364160342739743	-6.069341188719475	0.28774216182621765
p.Asp1Met	-1.393859739491174	0.11245123872053181	-1.393859739491174	0.012645281089782032
p.Asp1Phe	0.9358630193233219	0.053463132637656154	0.9358630193233219	0.0028583065514316145
p.Asp1Pro	-5.457618146947789	0.6364613422150974	-5.457618146947789	0.40508304013424334
p.Asp1Ser	-0.3388096418304949	0.047119015428441886	-0.3388096418304949	0.0022202016149457443
p.Asp1Ter	-7.309464222279025	0.6331494987971988	-7.309464222279025	0.40087828782714413
p.Asp1Thr	-5.961771519104711	0.4732772668867159	-5.961771519104711	0.22399137135175973
p.Asp1Trp	-2.6151994244408323	0.07980633316748537	-2.6151994244408323	0.006369050813639676
p.Asp1Tyr	-2.8536808007052494	0.17679524216254258	-2.8536808007052494	0.03125655765131207
p.Asp1Val	0.7051482093444097	0.035986546362606245	0.7051482093444097	0.0012950315191080086
