	score	SE	logratio	variance
_wt	1.7786683080121124	0.03264196022875019	1.7786683080121124	0.0010654975675753091
p.Asp1Ala	-0.9378578856952462	0.07905083827275902	-0.9378578856952462	0.0062490350316259016
p.Asp1Arg	-0.4596528515107883	0.03312939432939123	-0.4596528515107883	0.0010975567686323
p.Asp1Asn	-5.3355049057871895	0.6369688572762623	-5.3355049057871895	0.40572932513982735
p.Asp1Cys	-0.1697153585473643	0.040845245787962815	-0.1697153585473643	0.001668334103479094
p.Asp1Gln	0.34549932768598435	0.08352885819274589	0.34549932768598435	0.006977070150983851
p.Asp1Glu	0.6893229753111294	0.04578947905232021	0.6893229753111294	0.002096676391882871
p.Asp1Gly	-2.90929273656566	0.06480370534153661	-2.90929273656566	0.004199520225992701
p.Asp1His	-5.315179002773149	0.538439025533913	-5.315179002773149	0.2899165842179098
p.Asp1Ile	-1.0942850797656423	0.09316759961442474	-1.0942850797656423	0.008680201617913755
p.Asp1Leu	-0.7309124522868347	0.04157369672662077	-0.7309124522868347	0.0017283722595170389
p.Asp1Lys	-6.069071585390029	0.5364160467276964	-6.069071585390029	0.2877421751869701
p.Asp1Met	-1.3935901361617278	0.11245129812738702	-1.3935901361617278	0.012645294450534476
p.Asp1Phe	0.9361326226527682	0.05346325759046168	0.9361326226527682	0.0028583199121840585
p.Asp1Pro	-5.457348543618343	0.6364613527112198	-5.457348543618343	0.4050830534949958
p.Asp1Ser	-0.33854003850104863	0.047119157204879934	-0.33854003850104863	0.0022202149756981883
p.Asp1Ter	-7.3091946189495784	0.6331495093482238	-7.3091946189495784	0.4008783011878966
p.Asp1Thr	-5.961501915775265	0.47327728100185856	-5.961501915775265	0.22399138471251218
p.Asp1Trp	-2.614929821111386	0.07980641687478596	-2.614929821111386	0.00636906417439212
p.Asp1Tyr	-2.8489066852546987	0.17685265526935934	-2.8489066852546987	0.03127686167582285
p.Asp1Val	0.705417812673856	0.03598673199750782	0.705417812673856	0.0012950448798604531
