	score	SE	logratio	variance
_sy	1.8062090397275714	0.02443948260071173	1.8062090397275714	0.0005972883097904913
_wt	2.3920324706881617	0.032190439782759414	2.3920324706881617	0.00103622441340746
p.Asp1Ala	-7.233915809200348	0.6328693684674183	-7.233915809200348	0.4005236375443488
p.Asp1Arg	-7.102263393343044	0.5349329107355038	-7.102263393343044	0.2861532189879585
p.Asp1Asn	-1.0479358351236474	0.7888526528029547	-1.0479358351236474	0.622288507834259
p.Asp1Cys	-6.667396914237429	0.8173592451445264	-6.667396914237429	0.66807613562323
p.Asp1Gln	-7.124983270280782	0.8170574833077748	-7.124983270280782	0.6675829310292347
p.Asp1Glu	-2.735082731885065	0.44785718283317216	-2.735082731885065	0.20057605621526542
p.Asp1Gly	-6.6549626413155405	0.36561129190629166	-6.6549626413155405	0.1336716167693876
p.Asp1His	-5.038975380870017	0.63574606706824	-5.038975380870017	0.40417306179273504
p.Asp1Ile	-0.4601491702215288	1.1547292405344944	-0.4601491702215288	1.33339961894537
p.Asp1Leu	-6.7098485884549905	0.5351002667390978	-6.7098485884549905	0.2863322954642536
p.Asp1Lys	-7.403593291612173	0.8169309921543317	-7.403593291612173	0.6673762459422609
p.Asp1Met	-0.4601491702215288	1.1547292405344944	-0.4601491702215288	1.33339961894537
p.Asp1Phe	-6.496427733119304	0.8175124327964141	-6.496427733119304	0.6683265777767115
p.Asp1Pro	-5.313740714708097	0.634969613774572	-5.313740714708097	0.4031864104170291
p.Asp1Ser	-5.642734966846252	0.5360824755245168	-5.642734966846252	0.28738442056449415
p.Asp1Ter	-4.829597022688551	0.8216883660148196	-4.829597022688551	0.6751717708441043
p.Asp1Thr	-6.101346769686108	0.6336290176656485	-6.101346769686108	0.4014857320279347
p.Asp1Trp	-7.859954917643323	0.8167867122360822	-7.859954917643323	0.6671405332854285
p.Asp1Tyr	0.4953622748059079	0.7442529405102748	0.4953622748059079	0.5539124394581907
p.Asp1Val	-6.764191633751287	0.47190563600503027	-6.764191633751287	0.2226949292933121
