	score	SE	logratio	variance
_sy	-2.311351530813832	0.5970736084480681	-2.311351530813832	0.35649689390519695
_wt	0.02931618217816201	0.04371857264699794	0.02931618217816201	0.0019113135942908366
p.Asp1Ala	-2.8221771545798227	0.8949532604274044	-2.8221771545798227	0.8009413383496415
p.Asp1Arg	-2.8221771545798235	0.7565513265986736	-2.8221771545798235	0.5723699097782129
p.Asp1Asn	-2.311351530813832	1.0332511819573729	-2.311351530813832	1.0676080050163081
p.Asp1Cys	-2.8221771545798244	1.1551080779230032	-2.8221771545798244	1.3342746716829748
p.Asp1Gln	-2.8221771545798244	1.1551080779230032	-2.8221771545798244	1.3342746716829748
p.Asp1Glu	-2.8221771545798244	1.1551080779230032	-2.8221771545798244	1.3342746716829748
p.Asp1Gly	-2.234390489677704	0.7894070943257755	-2.234390489677704	0.6231635605718637
p.Asp1His	-2.311351530813832	1.0332511819573729	-2.311351530813832	1.0676080050163081
p.Asp1Ile	-2.8221771545798244	1.1551080779230032	-2.8221771545798244	1.3342746716829748
p.Asp1Leu	-2.8221771545798235	0.7565513265986736	-2.8221771545798235	0.5723699097782129
p.Asp1Lys	-2.8221771545798244	1.1551080779230032	-2.8221771545798244	1.3342746716829748
p.Asp1Met	-2.8221771545798244	1.1551080779230032	-2.8221771545798244	1.3342746716829748
p.Asp1Phe	-2.8221771545798244	1.1551080779230032	-2.8221771545798244	1.3342746716829748
p.Asp1Pro	-2.8221771545798227	0.8949532604274044	-2.8221771545798227	0.8009413383496415
p.Asp1Ser	-2.8221771545798235	0.7565513265986736	-2.8221771545798235	0.5723699097782129
p.Asp1Ter	-2.8221771545798244	1.1551080779230032	-2.8221771545798244	1.3342746716829748
p.Asp1Thr	-2.8221771545798227	0.8949532604274044	-2.8221771545798227	0.8009413383496415
p.Asp1Trp	-2.8221771545798244	1.1551080779230032	-2.8221771545798244	1.3342746716829748
p.Asp1Tyr	-2.311351530813832	1.0332511819573729	-2.311351530813832	1.0676080050163081
p.Asp1Val	-2.8221771545798227	0.8949532604274044	-2.8221771545798227	0.8009413383496415
